{"current":{"logo":"shopify:\/\/shop_images\/a-flat-vector-illustrative-style-logo-fo_m2IsEdB8T4C7Qxbdu6nDzQ_3oj9LnZlTFaYcBpMwIVamw-Picsart-BackgroundRemover.png","logo_width":130,"type_header_font":"archivo_n7","heading_scale":110,"type_body_font":"questrial_n4","body_scale":105,"page_width":1200,"spacing_sections":0,"spacing_grid_horizontal":28,"spacing_grid_vertical":28,"animations_reveal_on_scroll":true,"animations_hover_elements":"none","buttons_border_thickness":1,"buttons_border_opacity":100,"buttons_radius":40,"buttons_shadow_opacity":0,"buttons_shadow_horizontal_offset":0,"buttons_shadow_vertical_offset":4,"buttons_shadow_blur":5,"variant_pills_border_thickness":1,"variant_pills_border_opacity":55,"variant_pills_radius":40,"variant_pills_shadow_opacity":0,"variant_pills_shadow_horizontal_offset":0,"variant_pills_shadow_vertical_offset":4,"variant_pills_shadow_blur":5,"inputs_border_thickness":1,"inputs_border_opacity":55,"inputs_radius":26,"inputs_shadow_opacity":0,"inputs_shadow_horizontal_offset":0,"inputs_shadow_vertical_offset":-2,"inputs_shadow_blur":5,"card_style":"card","card_image_padding":16,"card_text_alignment":"left","card_color_scheme":"background-1","card_border_thickness":1,"card_border_opacity":100,"card_corner_radius":18,"card_shadow_opacity":0,"card_shadow_horizontal_offset":0,"card_shadow_vertical_offset":4,"card_shadow_blur":5,"collection_card_style":"card","collection_card_image_padding":16,"collection_card_text_alignment":"left","collection_card_color_scheme":"background-1","collection_card_border_thickness":1,"collection_card_border_opacity":100,"collection_card_corner_radius":18,"collection_card_shadow_opacity":0,"collection_card_shadow_horizontal_offset":0,"collection_card_shadow_vertical_offset":4,"collection_card_shadow_blur":5,"blog_card_style":"card","blog_card_image_padding":16,"blog_card_text_alignment":"left","blog_card_color_scheme":"background-1","blog_card_border_thickness":1,"blog_card_border_opacity":100,"blog_card_corner_radius":18,"blog_card_shadow_opacity":0,"blog_card_shadow_horizontal_offset":0,"blog_card_shadow_vertical_offset":4,"blog_card_shadow_blur":5,"text_boxes_border_thickness":0,"text_boxes_border_opacity":10,"text_boxes_radius":20,"text_boxes_shadow_opacity":0,"text_boxes_shadow_horizontal_offset":0,"text_boxes_shadow_vertical_offset":4,"text_boxes_shadow_blur":5,"media_border_thickness":0,"media_border_opacity":10,"media_radius":20,"media_shadow_opacity":0,"media_shadow_horizontal_offset":0,"media_shadow_vertical_offset":4,"media_shadow_blur":5,"popup_border_thickness":1,"popup_border_opacity":10,"popup_corner_radius":18,"popup_shadow_opacity":0,"popup_shadow_horizontal_offset":0,"popup_shadow_vertical_offset":4,"popup_shadow_blur":5,"drawer_border_thickness":0,"drawer_border_opacity":10,"drawer_shadow_opacity":0,"drawer_shadow_horizontal_offset":0,"drawer_shadow_vertical_offset":4,"drawer_shadow_blur":5,"badge_position":"top left","badge_corner_radius":0,"sale_badge_color_scheme":"accent-1","sold_out_badge_color_scheme":"background-1","brand_headline":"Contact us","brand_description":"<p>We're available during our <strong>business hours:<\/strong><\/p><p>Mon-Fri 10 AM to 4 PM<br\/>Delhi, India <\/p><p>Mobile no: +91 7207648683<\/p><p>Email: support@urbanangadi.in<\/p>","brand_image_width":100,"social_facebook_link":"","social_instagram_link":"","social_youtube_link":"","social_tiktok_link":"","social_twitter_link":"","social_snapchat_link":"","social_pinterest_link":"","social_tumblr_link":"","social_vimeo_link":"","predictive_search_enabled":true,"predictive_search_show_vendor":false,"predictive_search_show_price":false,"currency_code_enabled":false,"cart_type":"drawer","show_vendor":false,"show_cart_note":false,"cart_drawer_collection":"","cart_color_scheme":"background-1","sections":{"main-password-header":{"type":"main-password-header","settings":{"color_scheme":"inverse"}},"main-password-footer":{"type":"main-password-footer","settings":{"color_scheme":"inverse"}}},"content_for_index":[],"blocks":{"17754088914158789468":{"type":"shopify:\/\/apps\/easysell-cod-form\/blocks\/app-embed\/7bfd0a95-6839-4f02-b2ee-896832dbe67e","disabled":false,"settings":{}},"1143683040400472741":{"type":"shopify:\/\/apps\/trustoo-io-reviews\/blocks\/trustoo-review-switch\/c8f15077-6475-4e86-ad06-b66038d5ba2c","disabled":false,"settings":{}}},"color_schemes":{"background-1":{"settings":{"background":"#eff0f5","background_gradient":"","text":"#0e1b4d","button":"#4770db","button_label":"#eff0f5","secondary_button_label":"#0e1b4d","shadow":"#0e1b4d"}},"background-2":{"settings":{"background":"#ffffff","background_gradient":"","text":"#0e1b4d","button":"#0e1b4d","button_label":"#ffffff","secondary_button_label":"#0e1b4d","shadow":"#0e1b4d"}},"inverse":{"settings":{"background":"#004aad","background_gradient":"","text":"#ffffff","button":"#ffffff","button_label":"#004aad","secondary_button_label":"#ffffff","shadow":"#004aad"}},"accent-1":{"settings":{"background":"#4770db","background_gradient":"","text":"#ffffff","button":"#ffffff","button_label":"#4770db","secondary_button_label":"#ffffff","shadow":"#0e1b4d"}},"accent-2":{"settings":{"background":"#e32402","background_gradient":"","text":"#ffffff","button":"#ffffff","button_label":"#e32402","secondary_button_label":"#ffffff","shadow":"#0e1b4d"}}}},"presets":{"Default":{"logo_width":140,"color_schemes":{"background-1":{"settings":{"background":"#eff0f5","background_gradient":"","text":"#0e1b4d","button":"#4770db","button_label":"#eff0f5","secondary_button_label":"#0e1b4d","shadow":"#0e1b4d"}},"background-2":{"settings":{"background":"#FFFFFF","background_gradient":"","text":"#0e1b4d","button":"#0e1b4d","button_label":"#FFFFFF","secondary_button_label":"#0e1b4d","shadow":"#0e1b4d"}},"inverse":{"settings":{"background":"#0e1b4d","background_gradient":"","text":"#FFFFFF","button":"#FFFFFF","button_label":"#0e1b4d","secondary_button_label":"#FFFFFF","shadow":"#0e1b4d"}},"accent-1":{"settings":{"background":"#4770db","background_gradient":"","text":"#FFFFFF","button":"#FFFFFF","button_label":"#4770db","secondary_button_label":"#FFFFFF","shadow":"#0e1b4d"}},"accent-2":{"settings":{"background":"#E32402","background_gradient":"","text":"#FFFFFF","button":"#FFFFFF","button_label":"#E32402","secondary_button_label":"#FFFFFF","shadow":"#0e1b4d"}}},"type_header_font":"archivo_n7","heading_scale":110,"type_body_font":"questrial_n4","body_scale":105,"page_width":1200,"spacing_sections":0,"spacing_grid_horizontal":28,"spacing_grid_vertical":28,"animations_reveal_on_scroll":true,"animations_hover_elements":"none","buttons_border_thickness":1,"buttons_border_opacity":100,"buttons_radius":40,"buttons_shadow_opacity":0,"buttons_shadow_horizontal_offset":0,"buttons_shadow_vertical_offset":4,"buttons_shadow_blur":5,"variant_pills_border_thickness":1,"variant_pills_border_opacity":55,"variant_pills_radius":40,"variant_pills_shadow_opacity":0,"variant_pills_shadow_horizontal_offset":0,"variant_pills_shadow_vertical_offset":4,"variant_pills_shadow_blur":5,"inputs_border_thickness":1,"inputs_border_opacity":55,"inputs_radius":26,"inputs_shadow_opacity":0,"inputs_shadow_horizontal_offset":0,"inputs_shadow_vertical_offset":4,"inputs_shadow_blur":5,"card_style":"card","card_image_padding":16,"card_text_alignment":"left","card_color_scheme":"background-1","card_border_thickness":1,"card_border_opacity":100,"card_corner_radius":18,"card_shadow_opacity":0,"card_shadow_horizontal_offset":0,"card_shadow_vertical_offset":4,"card_shadow_blur":5,"collection_card_style":"card","collection_card_image_padding":16,"collection_card_text_alignment":"left","collection_card_color_scheme":"background-1","collection_card_border_thickness":1,"collection_card_border_opacity":100,"collection_card_corner_radius":18,"collection_card_shadow_opacity":0,"collection_card_shadow_horizontal_offset":0,"collection_card_shadow_vertical_offset":4,"collection_card_shadow_blur":5,"blog_card_style":"card","blog_card_image_padding":16,"blog_card_text_alignment":"left","blog_card_color_scheme":"background-1","blog_card_border_thickness":1,"blog_card_border_opacity":100,"blog_card_corner_radius":18,"blog_card_shadow_opacity":0,"blog_card_shadow_horizontal_offset":0,"blog_card_shadow_vertical_offset":4,"blog_card_shadow_blur":5,"text_boxes_border_thickness":0,"text_boxes_border_opacity":10,"text_boxes_radius":20,"text_boxes_shadow_opacity":0,"text_boxes_shadow_horizontal_offset":0,"text_boxes_shadow_vertical_offset":4,"text_boxes_shadow_blur":5,"media_border_thickness":0,"media_border_opacity":10,"media_radius":20,"media_shadow_opacity":0,"media_shadow_horizontal_offset":0,"media_shadow_vertical_offset":4,"media_shadow_blur":5,"popup_border_thickness":1,"popup_border_opacity":10,"popup_corner_radius":18,"popup_shadow_opacity":0,"popup_shadow_horizontal_offset":0,"popup_shadow_vertical_offset":4,"popup_shadow_blur":5,"drawer_border_thickness":0,"drawer_border_opacity":10,"drawer_shadow_opacity":0,"drawer_shadow_horizontal_offset":0,"drawer_shadow_vertical_offset":4,"drawer_shadow_blur":5,"badge_position":"top left","badge_corner_radius":0,"sale_badge_color_scheme":"accent-1","sold_out_badge_color_scheme":"background-1","brand_headline":"","brand_description":"<p><\/p>","brand_image_width":100,"social_twitter_link":"","social_facebook_link":"","social_pinterest_link":"","social_snapchat_link":"","social_instagram_link":"","social_tiktok_link":"","social_tumblr_link":"","social_youtube_link":"","social_vimeo_link":"","predictive_search_enabled":true,"predictive_search_show_vendor":false,"predictive_search_show_price":false,"currency_code_enabled":false,"cart_type":"drawer","show_vendor":false,"show_cart_note":false,"cart_drawer_collection":"","cart_color_scheme":"background-1","sections":{"main-password-header":{"type":"main-password-header","settings":{"color_scheme":"inverse"}},"main-password-footer":{"type":"main-password-footer","settings":{"color_scheme":"inverse"}}}}},"platform_customizations":{"custom_css":[]}}