{"name":"t:sections.footer.name","type":"footer","sections":{"newsletter":{"type":"newsletter","settings":{"color_scheme":"inverse","full_width":true,"padding_top":28,"padding_bottom":0}},"footer":{"type":"footer","blocks":{"link_list_nKGce8":{"type":"link_list","settings":{"heading":"Quick links","menu":"footer"}},"brand_information_G7HXtV":{"type":"brand_information","settings":{"show_social":true}}},"block_order":["link_list_nKGce8","brand_information_G7HXtV"],"settings":{"color_scheme":"inverse","newsletter_enable":false,"newsletter_heading":"Subscribe to our emails","enable_follow_on_shop":true,"show_social":true,"enable_country_selector":true,"enable_language_selector":true,"payment_enable":true,"show_policy":false,"margin_top":0,"padding_top":44,"padding_bottom":60}}},"order":["newsletter","footer"]}