{"sections":{"slideshow":{"type":"slideshow","blocks":{"slide-0":{"type":"slide","settings":{"image":"shopify:\/\/shop_images\/2.png","heading":"","heading_size":"h1","subheading":"","button_label":"","link":"shopify:\/\/collections\/all","button_style_secondary":false,"box_align":"middle-left","show_text_box":false,"text_alignment":"left","image_overlay_opacity":10,"color_scheme":"background-2","text_alignment_mobile":"left"}},"slide_34triG":{"type":"slide","settings":{"image":"shopify:\/\/shop_images\/1.png","heading":"","heading_size":"h1","subheading":"","button_label":"","link":"shopify:\/\/collections\/frontpage","button_style_secondary":false,"box_align":"middle-center","show_text_box":false,"text_alignment":"center","image_overlay_opacity":0,"color_scheme":"background-1","text_alignment_mobile":"center"}},"slide_RNNLkj":{"type":"slide","settings":{"image":"shopify:\/\/shop_images\/4.png","heading":"","heading_size":"h1","subheading":"","button_label":"","link":"shopify:\/\/collections\/new-arrivals","button_style_secondary":false,"box_align":"middle-center","show_text_box":false,"text_alignment":"center","image_overlay_opacity":0,"color_scheme":"background-1","text_alignment_mobile":"center"}}},"block_order":["slide-0","slide_34triG","slide_RNNLkj"],"settings":{"layout":"full_bleed","slide_height":"adapt_image","slider_visual":"dots","auto_rotate":false,"change_slides_speed":3,"image_behavior":"none","show_text_below":true,"accessibility_info":"Slideshow about our brand"}},"featured-collection-0":{"type":"featured-collection","settings":{"title":"Featured products","heading_size":"h2","description":"","show_description":false,"description_style":"body","collection":"all","products_to_show":4,"columns_desktop":4,"full_width":false,"show_view_all":false,"view_all_style":"solid","enable_desktop_slider":false,"color_scheme":"background-1","image_ratio":"portrait","image_shape":"default","show_secondary_image":false,"show_vendor":false,"show_rating":false,"enable_quick_add":true,"columns_mobile":"2","swipe_on_mobile":false,"padding_top":60,"padding_bottom":60}}},"order":["slideshow","featured-collection-0"]}